{
    "expected_yields": {
        "Y_1": [
            0.017882794100389187
        ],
        "Y_2": [
            0.03534936043476157
        ],
        "Y_3": [
            0.052505322416368974
        ],
        "Y_4": [
            0.0693562034584634
        ],
        "Y_5": [
            0.08590742875257597
        ]
    },
    "signal_yields": {
        "Y_1": [
            0.05315835455180486
        ],
        "Y_2": [
            0.10340152011586469
        ],
        "Y_3": [
            0.15097886598762156
        ],
        "Y_4": [
            0.19603183617348097
        ],
        "Y_5": [
            0.23869436989360715
        ]
    },
    "decoy_yields": {
        "Y_1": [
            -0.001149937504166132
        ],
        "Y_2": [
            -0.002401437352096625
        ],
        "Y_3": [
            -0.003654501496623375
        ],
        "Y_4": [
            -0.004909131893019658
        ],
        "Y_5": [
            -0.0061653304990021305
        ]
    },
    "protocol_params": {
        "num_bits": 500,
        "use_decoy_states": false,
        "eavesdropper": false,
        "mu": 0.65,
        "nu": 0.08,
        "dark_count_rate": 0.0001,
        "channel_loss": 0.2,
        "channel_length": 20.0,
        "receiver_loss": 3.5,
        "detector_efficiency": 0.1,
        "detector_error_rate": 0.014,
        "signal_percentage": 0.75,
        "decoy_percentage": 0.125,
        "vacuum_percentage": 0.125
    },
    "timestamp": "20250421_133720"
}