{
  "simulation_params": {
    "num_runs": 5,
    "num_pulses": 100000,
    "attack_type": "No-Eve",
    "mu": 0.65,
    "nu": 0.08,
    "alpha": 0.2,
    "l": 20.0,
    "channel_loss": 5.6,
    "receiver_loss": 3.5,
    "detector_efficiency": 0.1,
    "detector_error_rate": 0.014,
    "dark_count_rate": 1e-05,
    "signal_percentage": 0.75,
    "decoy_percentage": 0.125,
    "vacuum_percentage": 0.125,
    "eta": 0.009227015781092866,
    "signal_state_gain": 0.0028602216339182374,
    "decoy_state_gain": 0.0003208213025344883
  },
  "n_values": [
    1,
    2,
    3,
    4,
    5
  ],
  "y_expected": [
    [
      0.009237015781092862,
      0.009237015781092862,
      0.009237015781092862,
      0.009237015781092862,
      0.009237015781092862
    ],
    [
      0.018378893741961156,
      0.018378893741961156,
      0.018378893741961156,
      0.018378893741961156,
      0.018378893741961156
    ],
    [
      0.027436419450615746,
      0.027436419450615746,
      0.027436419450615746,
      0.027436419450615746,
      0.027436419450615746
    ],
    [
      0.03641037122661888,
      0.03641037122661888,
      0.03641037122661888,
      0.03641037122661888,
      0.03641037122661888
    ],
    [
      0.04530152020796612,
      0.04530152020796612,
      0.04530152020796612,
      0.04530152020796612,
      0.04530152020796612
    ]
  ],
  "y_signal": [
    [
      0.004285903041857098,
      0.004309747017750044,
      0.004437546651434077,
      0.004010378478997035,
      0.004401217308171269
    ],
    [
      0.008543522736890786,
      0.008591006211083486,
      0.008845490133517476,
      0.00799475393001885,
      0.00877315182689491
    ],
    [
      0.012782937262919503,
      0.01285385707296809,
      0.013233917240197225,
      0.011963190371234101,
      0.013125888231089778
    ],
    [
      0.017004224463480645,
      0.017098378754572253,
      0.017602914381135527,
      0.015915751564714743,
      0.017459510823848712
    ],
    [
      0.0212074618492603,
      0.021324650066734164,
      0.02195256758341251,
      0.01985250101745999,
      0.021774103538071122
    ]
  ],
  "y_decoy": [
    [
      0.004902008509388645,
      0.0018923677388662974,
      0.0018805106853111886,
      0.0059095207694685355,
      0.0038958702185914362
    ],
    [
      0.00977008527152139,
      0.0037711921694282735,
      0.0037475225603984985,
      0.011774237193627735,
      0.007766640449827156
    ],
    [
      0.014614347360709368,
      0.005646479961495188,
      0.005611042169823933,
      0.017604354601435435,
      0.011622369370298303
    ],
    [
      0.019434911278535406,
      0.007518237772321124,
      0.0074710760459075105,
      0.023400077110507445,
      0.015463115428586405
    ],
    [
      0.024231892956655333,
      0.009386472246629075,
      0.009327630708750912,
      0.029161607634263054,
      0.019288936846149452
    ]
  ]
}